path,sha256
artifacts/PIPELINE_OUTPUTS/CURRENT_STATUS_AND_NEXT_STEPS.md,1f00fd91d129e86c6d40f50c7ef7868d78e74624cb9eee37f828b66c5d480137
artifacts/PIPELINE_OUTPUTS/START_HERE.md,a3f9ffa07bb2b0b6f8e8a50ae31575ce2c9d5e1f7a860742b4822df959a4f5d6
artifacts/PIPELINE_OUTPUTS/01_url_discovery/README.md,970173932f2c96763e7e9e8935b8bf0b18058c0deda53bc7d45d28bce044b575
artifacts/PIPELINE_OUTPUTS/01_url_discovery/reports/prior_discovery_source_reconstruction_rollup/README.md,7da2e28da085373e76f00b57a76eed9062baa4d3efa5ea915c9e8e66ba914504
artifacts/PIPELINE_OUTPUTS/01_url_discovery/process_reviews/url_discovery_clean_production_runner_review.md,7b30dea384a90e998dca262fbaae958bf318d56c8974b006729f4a51c9247443
artifacts/PIPELINE_OUTPUTS/01_url_discovery/process_reviews/url_discovery_pilot_batches_review.md,3537ad9ff64ed1fe0b95307c3c6bb824a2343137285f694fbb302fae0316e648
artifacts/PIPELINE_OUTPUTS/01_url_discovery/process_reviews/url_discovery_production_chunks_review.md,e278f194bd7d0a1612429167edbee4b6d9b56a8ddb4559d0e1ab226d9a046f2a
artifacts/PIPELINE_OUTPUTS/01_url_discovery/process_reviews/step1_production_runner_integration_review.md,5b7bb6ab0127ee4af83b4463dffaf9397fa1a0394da167a8f0f09586343f4329
artifacts/PIPELINE_OUTPUTS/01_url_discovery/process_reviews/step1_clean_runtime_import_fix_review.md,42231925c1b7c3cbe26e316409a9e7f3f55b0e600ab188198cc486a5c0d9ecce
artifacts/PIPELINE_OUTPUTS/01_url_discovery/process_reviews/step1_target_panel_materialization_fix_review.md,a76e94a557a39f836b7bda5c279b23008cd73cfcb924cfc6da95f8600813a6ab
artifacts/PIPELINE_OUTPUTS/01_url_discovery/process_reviews/step1_next_run_repair_integration_review.md,f7df49203edead12640e079ad7c5c1833ed8a4205f7eda981ab77e4f2f55bc85
artifacts/AUDIT_TRAILS/START_HERE.md,0b9f460bc748e9a47f77afc088fdfda6d1af439a2b38e44ba80d4c42f08348cf
artifacts/PILOTS/README.md,74d321ea93489f8acc4d787c0c1a6b9b00e6a7c39bde4257ad625ce455dfb15a
artifacts/PILOTS/url_discovery/README.md,1f177953a5225d74b6e2cbbc5c80432950b629dad5b7ce40abe59c42b80db500
artifacts/PILOTS/url_discovery/historical_testing_log/README.md,5699333af98f9f5d6383d0721977b66e48ea355b9f7ff95b4244b6341c1cdbb1
